<?xml version="1.0" encoding="UTF-8"?>
<project-private xmlns="http://www.netbeans.org/ns/project-private/1">
    <editor-bookmarks xmlns="http://www.netbeans.org/ns/editor-bookmarks/2" lastBookmarkId="0"/>
    <open-files xmlns="http://www.netbeans.org/ns/projectui-open-files/2">
        <group>
            <file>file:/C:/_data_/Skola/Vyuka/PB171%20-%20Seminar%20z%20architektury%20(PIC)/2018/02_hodina/simdelay.h</file>
            <file>file:/C:/_data_/Skola/Vyuka/PB171%20-%20Seminar%20z%20architektury%20(PIC)/2018/02_hodina/yunimain.c</file>
        </group>
    </open-files>
</project-private>
